category,question,option1,option2,option3,option4,correct_answer,explanation
ステップ３子育て,初婚年齢の上昇に関連して使われている用語は？,少子化,高齢出産化,晩婚化,非婚化,3,初婚年齢の上昇、いわゆる晩婚化も進んでいると記載されています。
ステップ３子育て,保育士の離職率（平成28年度時点）と日本の平均離職率の比較は？,9.3%で平均15%より低い,9.3%で平均15%より高い,15%で平均9.3%より高い,15%で平均9.3%より低い,1,保育士の離職率は9.3%で日本の平均離職率15%より低いとされています。
ステップ３子育て,保育士の求人倍率（2024年1月時点）は？,2.54倍,3.54倍,4.54倍,5.54倍,2,保育士の求人倍率は3.54倍で、全職種平均1.35倍を大きく上回っています。
ステップ３子育て,2022年度の不登校児童・生徒数と全体に占める割合は？,289048人で3.1％,299048人で3.2％,309048人で3.3％,319048人で3.4％,2,2022年度の実績で不登校児童・生徒数は299048人で全体の3.2％です。
ステップ３子育て,結婚新生活支援事業補助金について検討されている改善内容として挙げられていないのは？,所得制限の緩和,助成金額の引き上げ,対象年齢の拡大,申請手続きの簡素化,3,対象年齢の拡大については言及されていません。
ステップ３子育て,不妊治療への保険適用について提案されている見直し内容は？,適用回数増加や助成金増額,適用対象の拡大,自己負担割合の軽減,すべて公費負担,1,適用回数増加や助成金増額などを柔軟に検討するとされています。
ステップ３子育て,分娩費用について目指されている最終目標は？,半額自己負担,一部自己負担,実質自己負担ゼロ,全額公費負担,3,標準的な出産費用の実質的な自己負担ゼロを目指すとされています。
ステップ３子育て,0歳から2歳までの保育料無償化について言及されている条件は？,所得制限あり,所得制限を設けることなく完全に無償化,一部自己負担あり,段階的な無償化,2,所得制限を設けることなく完全に無償化することを目指すとされています。
ステップ３子育て,児童手当の金額引き上げについて検討される要素として挙げられているのは？,子どもの年齢のみ,地域ごとの物価差,世帯の所得水準,養育費の実態,2,地域ごとの物価差等を考慮した最適な金額設定が検討されています。
ステップ３子育て,フランスなどで導入実績があるとされている課税制度は？,累進課税制度,比例課税制度,N分N乗方式,定額課税制度,3,フランスなどで導入実績のあるN分N乗方式の課税制度導入が検討されています。